payment_id,booking_id,payment_type,payment_status,amount,payment_date,payment_month,is_active
969,200,Cash,Pending,3500,01-11-2025,2025-10,1
968,200,Bank Transfer,Pending,3500,15-10-2025,2025-09,1
967,200,Cash,Paid,3500,27-08-2025,2025-08,1
966,200,Bank Transfer,Paid,3500,06-08-2025,2025-07,1
965,199,Bank Transfer,Pending,3500,21-04-2026,2026-04,1
964,199,Cash,Paid,3500,22-03-2026,2026-03,1
963,199,Cash,Pending,3500,11-02-2026,2026-02,1
962,199,Bank Transfer,Paid,3500,11-01-2026,2026-01,1
961,199,Cash,Pending,3500,19-12-2025,2025-12,1
960,199,Cash,Pending,3500,07-12-2025,2025-11,1
959,199,Credit Card,Paid,3500,17-10-2025,2025-10,1
958,199,Bank Transfer,Pending,3500,19-09-2025,2025-09,1
957,197,Credit Card,Paid,10000,30-03-2023,2023-03,1
956,197,Credit Card,Pending,10000,02-03-2023,2023-02,1
955,196,Bank Transfer,Paid,3000,14-03-2026,2026-03,1
954,196,Bank Transfer,Pending,3000,05-03-2026,2026-02,1
953,196,Credit Card,Paid,3000,04-02-2026,2026-01,1
952,196,Cash,Pending,3000,05-01-2026,2025-12,1
951,196,Bank Transfer,Pending,3000,15-11-2025,2025-11,1
950,195,Bank Transfer,Pending,5000,14-04-2025,2025-03,1
949,195,Cash,Paid,5000,15-03-2025,2025-02,1
948,195,Credit Card,Paid,5000,02-02-2025,2025-01,1
947,195,Bank Transfer,Paid,5000,07-01-2025,2024-12,1
946,195,Bank Transfer,Paid,5000,19-12-2024,2024-11,1
945,195,Bank Transfer,Paid,5000,03-11-2024,2024-10,1
944,195,Credit Card,Pending,5000,07-10-2024,2024-09,1
943,195,Credit Card,Pending,5000,16-09-2024,2024-08,1
942,195,Bank Transfer,Pending,5000,03-08-2024,2024-07,1
941,195,Credit Card,Pending,5000,01-07-2024,2024-06,1
940,195,Bank Transfer,Paid,5000,14-06-2024,2024-05,1
939,195,Credit Card,Paid,5000,22-05-2024,2024-04,1
938,194,Credit Card,Paid,11000,08-12-2024,2024-12,1
937,194,Credit Card,Paid,11000,13-11-2024,2024-11,1
936,194,Bank Transfer,Paid,11000,12-10-2024,2024-10,1
935,194,Cash,Pending,11000,04-10-2024,2024-09,1
934,194,Bank Transfer,Pending,11000,26-08-2024,2024-08,1
933,194,Cash,Paid,11000,28-07-2024,2024-07,1
932,194,Credit Card,Paid,11000,04-07-2024,2024-06,1
931,194,Cash,Pending,11000,06-06-2024,2024-05,1
930,194,Cash,Paid,11000,07-05-2024,2024-04,1
929,194,Credit Card,Pending,11000,05-04-2024,2024-03,1
928,193,Bank Transfer,Pending,4500,08-06-2024,2024-05,1
927,193,Credit Card,Paid,4500,16-05-2024,2024-04,1
926,193,Credit Card,Pending,4500,21-04-2024,2024-03,1
925,193,Bank Transfer,Pending,4500,02-03-2024,2024-03,1
924,193,Cash,Paid,4500,21-02-2024,2024-01,1
923,193,Cash,Pending,4500,18-01-2024,2024-01,1
922,193,Bank Transfer,Paid,4500,31-12-2023,2023-12,1
921,193,Cash,Paid,4500,15-11-2023,2023-11,1
920,193,Cash,Paid,4500,28-10-2023,2023-10,1
919,192,Cash,Paid,7000,15-02-2024,2024-02,1
918,192,Cash,Paid,7000,22-01-2024,2024-01,1
917,192,Bank Transfer,Pending,7000,22-12-2023,2023-12,1
916,192,Cash,Pending,7000,10-11-2023,2023-11,1
915,192,Cash,Paid,7000,25-10-2023,2023-10,1
914,190,Cash,Paid,6000,06-08-2025,2025-08,1
913,190,Bank Transfer,Paid,6000,15-07-2025,2025-07,1
912,190,Credit Card,Paid,6000,03-07-2025,2025-06,1
911,190,Credit Card,Paid,6000,12-05-2025,2025-05,1
910,190,Bank Transfer,Paid,6000,28-04-2025,2025-04,1
909,190,Bank Transfer,Pending,6000,26-03-2025,2025-03,1
908,190,Cash,Paid,6000,15-02-2025,2025-02,1
907,190,Credit Card,Pending,6000,09-01-2025,2025-01,1
906,190,Bank Transfer,Paid,6000,03-01-2025,2024-12,1
905,190,Credit Card,Paid,6000,25-11-2024,2024-11,1
904,190,Bank Transfer,Pending,6000,19-10-2024,2024-10,1
903,188,Cash,Pending,5500,20-05-2025,2025-05,1
902,188,Credit Card,Paid,5500,03-05-2025,2025-04,1
901,188,Bank Transfer,Paid,5500,18-03-2025,2025-03,1
900,188,Cash,Pending,5500,22-02-2025,2025-02,1
899,188,Credit Card,Pending,5500,01-02-2025,2025-01,1
898,188,Cash,Pending,5500,29-12-2024,2024-12,1
897,188,Credit Card,Paid,5500,06-12-2024,2024-11,1
896,188,Credit Card,Paid,5500,15-11-2024,2024-10,1
895,186,Credit Card,Paid,3000,06-04-2024,2024-04,1
894,186,Bank Transfer,Pending,3000,11-03-2024,2024-03,1
893,186,Credit Card,Paid,3000,07-02-2024,2024-02,1
892,186,Bank Transfer,Paid,3000,13-01-2024,2024-01,1
891,186,Bank Transfer,Pending,3000,23-12-2023,2023-12,1
890,186,Cash,Pending,3000,20-11-2023,2023-11,1
889,186,Cash,Pending,3000,21-10-2023,2023-10,1
888,186,Credit Card,Paid,3000,03-10-2023,2023-09,1
887,186,Bank Transfer,Paid,3000,14-08-2023,2023-08,1
886,186,Credit Card,Pending,3000,07-08-2023,2023-07,1
885,185,Bank Transfer,Pending,3500,17-10-2025,2025-10,1
884,185,Cash,Pending,3500,15-09-2025,2025-09,1
883,185,Credit Card,Paid,3500,02-09-2025,2025-08,1
882,185,Cash,Pending,3500,14-07-2025,2025-07,1
881,185,Bank Transfer,Paid,3500,18-06-2025,2025-06,1
880,185,Credit Card,Pending,3500,22-05-2025,2025-05,1
879,185,Cash,Pending,3500,07-05-2025,2025-04,1
878,185,Credit Card,Pending,3500,25-03-2025,2025-03,1
877,185,Credit Card,Pending,3500,15-03-2025,2025-02,1
876,185,Bank Transfer,Pending,3500,31-01-2025,2025-01,1
875,183,Credit Card,Pending,8000,16-09-2024,2024-08,1
874,183,Credit Card,Pending,8000,17-08-2024,2024-07,1
873,183,Cash,Paid,8000,07-07-2024,2024-07,1
872,183,Bank Transfer,Pending,8000,30-06-2024,2024-06,1
871,183,Bank Transfer,Pending,8000,09-05-2024,2024-05,1
870,183,Cash,Paid,8000,19-04-2024,2024-04,1
869,179,Credit Card,Paid,11000,19-09-2025,2025-09,1
868,179,Bank Transfer,Paid,11000,30-08-2025,2025-08,1
867,179,Cash,Paid,11000,04-07-2025,2025-07,1
866,179,Credit Card,Pending,11000,03-07-2025,2025-06,1
865,179,Bank Transfer,Paid,11000,27-05-2025,2025-05,1
864,179,Bank Transfer,Pending,11000,10-04-2025,2025-04,1
863,179,Cash,Pending,11000,11-03-2025,2025-03,1
862,179,Bank Transfer,Paid,11000,24-02-2025,2025-02,1
861,179,Cash,Paid,11000,07-01-2025,2025-01,1
860,177,Cash,Paid,11000,03-06-2025,2025-05,1
859,177,Cash,Pending,11000,30-05-2025,2025-05,1
858,177,Credit Card,Paid,11000,30-04-2025,2025-04,1
857,176,Cash,Paid,3000,09-06-2026,2026-05,1
856,176,Credit Card,Paid,3000,07-05-2026,2026-04,1
855,176,Bank Transfer,Pending,3000,06-04-2026,2026-03,1
854,176,Cash,Paid,3000,27-03-2026,2026-02,1
853,176,Credit Card,Paid,3000,30-01-2026,2026-01,1
852,176,Bank Transfer,Pending,3000,19-01-2026,2025-12,1
851,176,Credit Card,Paid,3000,15-12-2025,2025-11,1
850,176,Credit Card,Paid,3000,17-11-2025,2025-10,1
849,176,Bank Transfer,Pending,3000,03-10-2025,2025-09,1
848,176,Cash,Paid,3000,18-09-2025,2025-08,1
847,176,Credit Card,Paid,3000,17-08-2025,2025-07,1
846,176,Cash,Pending,3000,22-07-2025,2025-07,1
845,175,Cash,Pending,8000,30-05-2025,2025-05,1
844,175,Bank Transfer,Pending,8000,21-04-2025,2025-04,1
843,172,Credit Card,Paid,5000,12-04-2025,2025-04,1
842,172,Bank Transfer,Paid,5000,29-03-2025,2025-03,1
841,170,Bank Transfer,Paid,5000,11-10-2025,2025-09,1
840,170,Cash,Pending,5000,29-08-2025,2025-08,1
839,170,Credit Card,Paid,5000,20-08-2025,2025-07,1
838,170,Cash,Paid,5000,02-07-2025,2025-06,1
837,170,Credit Card,Pending,5000,14-06-2025,2025-05,1
836,170,Cash,Paid,5000,16-05-2025,2025-04,1
835,170,Cash,Paid,5000,18-04-2025,2025-03,1
834,170,Cash,Pending,5000,07-03-2025,2025-02,1
833,170,Cash,Paid,5000,17-02-2025,2025-01,1
832,170,Credit Card,Paid,5000,03-01-2025,2024-12,1
831,170,Cash,Pending,5000,08-12-2024,2024-11,1
830,170,Credit Card,Pending,5000,07-11-2024,2024-10,1
829,169,Credit Card,Paid,4500,15-05-2024,2024-05,1
828,169,Credit Card,Paid,4500,02-05-2024,2024-04,1
827,169,Cash,Paid,4500,17-03-2024,2024-03,1
826,169,Cash,Pending,4500,28-02-2024,2024-02,1
825,169,Credit Card,Paid,4500,31-01-2024,2024-01,1
824,169,Credit Card,Paid,4500,31-12-2023,2023-12,1
823,169,Cash,Pending,4500,14-11-2023,2023-11,1
822,169,Bank Transfer,Paid,4500,28-10-2023,2023-10,1
821,169,Cash,Paid,4500,06-09-2023,2023-09,1
820,168,Cash,Pending,8000,29-04-2023,2023-04,1
819,168,Bank Transfer,Paid,8000,06-04-2023,2023-03,1
818,168,Credit Card,Pending,8000,26-02-2023,2023-02,1
817,168,Credit Card,Pending,8000,07-02-2023,2023-01,1
816,165,Bank Transfer,Paid,6000,25-04-2026,2026-04,1
815,165,Credit Card,Pending,6000,05-04-2026,2026-03,1
814,165,Cash,Paid,6000,21-02-2026,2026-02,1
813,165,Cash,Paid,6000,23-01-2026,2026-01,1
812,165,Cash,Paid,6000,01-01-2026,2025-12,1
811,165,Cash,Pending,6000,14-12-2025,2025-11,1
810,165,Bank Transfer,Pending,6000,14-11-2025,2025-10,1
809,165,Credit Card,Pending,6000,27-09-2025,2025-09,1
808,165,Bank Transfer,Paid,6000,29-08-2025,2025-08,1
807,165,Cash,Paid,6000,29-07-2025,2025-07,1
806,165,Credit Card,Pending,6000,06-07-2025,2025-06,1
805,164,Bank Transfer,Pending,11000,17-06-2024,2024-06,1
804,164,Bank Transfer,Paid,11000,17-05-2024,2024-05,1
803,164,Credit Card,Paid,11000,12-04-2024,2024-04,1
802,164,Cash,Paid,11000,12-03-2024,2024-03,1
801,164,Cash,Paid,11000,02-03-2024,2024-02,1
800,164,Credit Card,Pending,11000,30-01-2024,2024-01,1
799,164,Credit Card,Pending,11000,25-12-2023,2023-12,1
798,164,Bank Transfer,Pending,11000,17-11-2023,2023-11,1
797,164,Credit Card,Pending,11000,18-10-2023,2023-10,1
796,163,Cash,Paid,11000,28-04-2023,2023-04,1
795,163,Credit Card,Paid,11000,15-04-2023,2023-03,1
794,163,Credit Card,Paid,11000,03-03-2023,2023-02,1
793,162,Cash,Paid,11000,02-08-2024,2024-07,1
792,162,Bank Transfer,Paid,11000,21-06-2024,2024-06,1
791,162,Bank Transfer,Paid,11000,28-05-2024,2024-05,1
790,162,Credit Card,Paid,11000,06-05-2024,2024-04,1
789,162,Bank Transfer,Pending,11000,21-03-2024,2024-03,1
788,161,Cash,Pending,8000,08-07-2025,2025-06,1
787,161,Cash,Paid,8000,24-05-2025,2025-05,1
786,161,Cash,Paid,8000,05-05-2025,2025-04,1
785,159,Credit Card,Pending,8000,28-04-2025,2025-04,1
784,159,Bank Transfer,Paid,8000,22-04-2025,2025-03,1
783,159,Credit Card,Paid,8000,22-03-2025,2025-02,1
782,159,Bank Transfer,Pending,8000,22-02-2025,2025-01,1
781,159,Bank Transfer,Paid,8000,16-01-2025,2024-12,1
780,159,Cash,Pending,8000,25-12-2024,2024-11,1
779,159,Cash,Pending,8000,07-11-2024,2024-10,1
778,159,Bank Transfer,Pending,8000,21-10-2024,2024-09,1
777,158,Credit Card,Paid,4000,19-10-2023,2023-10,1
776,158,Cash,Paid,4000,27-09-2023,2023-09,1
775,157,Cash,Paid,10000,02-05-2024,2024-05,1
774,157,Cash,Paid,10000,13-04-2024,2024-04,1
773,157,Credit Card,Paid,10000,28-03-2024,2024-03,1
772,157,Credit Card,Paid,10000,19-02-2024,2024-02,1
771,157,Bank Transfer,Pending,10000,31-01-2024,2024-01,1
770,157,Bank Transfer,Pending,10000,06-12-2023,2023-12,1
769,156,Cash,Paid,8000,01-09-2026,2026-08,1
768,156,Bank Transfer,Pending,8000,04-08-2026,2026-07,1
767,156,Cash,Pending,8000,08-07-2026,2026-06,1
766,156,Credit Card,Pending,8000,09-06-2026,2026-05,1
765,156,Cash,Paid,8000,21-04-2026,2026-04,1
764,156,Cash,Paid,8000,11-04-2026,2026-03,1
763,156,Bank Transfer,Pending,8000,26-02-2026,2026-02,1
762,156,Credit Card,Pending,8000,30-01-2026,2026-01,1
761,156,Bank Transfer,Paid,8000,23-12-2025,2025-12,1
760,156,Cash,Pending,8000,04-12-2025,2025-11,1
759,156,Cash,Paid,8000,10-11-2025,2025-10,1
758,156,Cash,Paid,8000,12-10-2025,2025-09,1
757,155,Credit Card,Pending,8000,18-07-2023,2023-07,1
756,155,Bank Transfer,Paid,8000,16-07-2023,2023-06,1
755,155,Cash,Pending,8000,06-06-2023,2023-05,1
754,154,Credit Card,Paid,7000,01-02-2025,2025-01,1
753,154,Credit Card,Pending,7000,08-12-2024,2024-12,1
752,154,Bank Transfer,Paid,7000,11-11-2024,2024-11,1
751,154,Cash,Pending,7000,27-10-2024,2024-10,1
750,153,Cash,Paid,10000,19-05-2024,2024-05,1
749,153,Bank Transfer,Pending,10000,10-04-2024,2024-04,1
748,153,Cash,Paid,10000,12-03-2024,2024-03,1
747,153,Cash,Pending,10000,16-02-2024,2024-02,1
746,153,Cash,Pending,10000,25-01-2024,2024-01,1
745,153,Bank Transfer,Paid,10000,08-01-2024,2023-12,1
744,153,Cash,Paid,10000,28-11-2023,2023-11,1
743,153,Bank Transfer,Pending,10000,12-10-2023,2023-10,1
742,152,Cash,Paid,4500,27-09-2025,2025-09,1
741,152,Cash,Paid,4500,11-08-2025,2025-08,1
740,152,Bank Transfer,Pending,4500,16-07-2025,2025-07,1
739,152,Cash,Pending,4500,17-06-2025,2025-06,1
738,152,Bank Transfer,Pending,4500,11-05-2025,2025-05,1
737,152,Bank Transfer,Pending,4500,27-04-2025,2025-04,1
736,152,Credit Card,Pending,4500,31-03-2025,2025-03,1
735,152,Credit Card,Paid,4500,24-02-2025,2025-02,1
734,152,Bank Transfer,Paid,4500,11-01-2025,2025-01,1
733,152,Credit Card,Paid,4500,14-12-2024,2024-12,1
732,152,Bank Transfer,Paid,4500,13-11-2024,2024-11,1
731,152,Credit Card,Paid,4500,18-10-2024,2024-10,1
730,152,Bank Transfer,Pending,4500,29-09-2024,2024-09,1
729,151,Credit Card,Pending,9000,09-06-2024,2024-06,1
728,151,Cash,Pending,9000,18-05-2024,2024-05,1
727,150,Credit Card,Pending,8000,26-09-2023,2023-09,1
726,150,Bank Transfer,Pending,8000,18-08-2023,2023-08,1
725,150,Cash,Pending,8000,24-07-2023,2023-07,1
724,150,Cash,Paid,8000,04-07-2023,2023-06,1
723,150,Credit Card,Paid,8000,31-05-2023,2023-05,1
722,150,Bank Transfer,Pending,8000,03-05-2023,2023-04,1
721,150,Credit Card,Pending,8000,16-03-2023,2023-03,1
720,150,Credit Card,Pending,8000,15-02-2023,2023-02,1
719,150,Cash,Paid,8000,30-01-2023,2023-01,1
718,147,Bank Transfer,Paid,3500,02-02-2025,2025-01,1
717,147,Credit Card,Pending,3500,18-12-2024,2024-12,1
716,147,Cash,Pending,3500,29-11-2024,2024-11,1
715,147,Bank Transfer,Pending,3500,28-10-2024,2024-10,1
714,145,Credit Card,Pending,8000,29-11-2025,2025-11,1
713,145,Credit Card,Paid,8000,23-10-2025,2025-10,1
712,145,Bank Transfer,Pending,8000,01-10-2025,2025-09,1
711,145,Cash,Paid,8000,18-08-2025,2025-08,1
710,145,Bank Transfer,Paid,8000,22-07-2025,2025-07,1
709,145,Credit Card,Paid,8000,21-06-2025,2025-06,1
708,145,Credit Card,Paid,8000,20-05-2025,2025-05,1
707,145,Cash,Pending,8000,17-04-2025,2025-04,1
706,145,Credit Card,Paid,8000,10-04-2025,2025-03,1
705,145,Bank Transfer,Paid,8000,13-02-2025,2025-02,1
704,145,Credit Card,Pending,8000,09-02-2025,2025-01,1
703,145,Credit Card,Paid,8000,29-12-2024,2024-12,1
702,145,Cash,Pending,8000,21-11-2024,2024-11,1
701,144,Bank Transfer,Pending,10000,31-10-2026,2026-10,1
700,144,Cash,Paid,10000,05-10-2026,2026-09,1
699,144,Credit Card,Pending,10000,30-08-2026,2026-08,1
698,144,Cash,Pending,10000,06-08-2026,2026-07,1
697,144,Credit Card,Paid,10000,14-07-2026,2026-06,1
696,144,Cash,Paid,10000,17-06-2026,2026-05,1
695,144,Credit Card,Pending,10000,25-04-2026,2026-04,1
694,144,Cash,Paid,10000,18-04-2026,2026-03,1
693,144,Cash,Paid,10000,27-02-2026,2026-02,1
692,144,Bank Transfer,Pending,10000,23-02-2026,2026-01,1
691,144,Cash,Pending,10000,09-01-2026,2025-12,1
690,144,Bank Transfer,Pending,10000,21-12-2025,2025-11,1
689,143,Bank Transfer,Pending,8000,20-06-2025,2025-06,1
688,143,Cash,Paid,8000,04-06-2025,2025-05,1
687,143,Credit Card,Paid,8000,02-05-2025,2025-04,1
686,143,Bank Transfer,Paid,8000,27-03-2025,2025-03,1
685,142,Bank Transfer,Paid,4000,11-06-2025,2025-05,1
684,142,Credit Card,Paid,4000,25-04-2025,2025-04,1
683,142,Credit Card,Paid,4000,30-03-2025,2025-03,1
682,142,Credit Card,Paid,4000,03-03-2025,2025-02,1
681,142,Cash,Paid,4000,08-02-2025,2025-01,1
680,142,Bank Transfer,Paid,4000,06-01-2025,2024-12,1
679,141,Cash,Paid,3000,20-06-2025,2025-06,1
678,141,Credit Card,Pending,3000,07-05-2025,2025-05,1
677,141,Bank Transfer,Paid,3000,25-04-2025,2025-04,1
676,140,Credit Card,Pending,4000,27-05-2025,2025-05,1
675,140,Bank Transfer,Pending,4000,06-05-2025,2025-04,1
674,140,Cash,Pending,4000,24-03-2025,2025-03,1
673,140,Credit Card,Pending,4000,15-03-2025,2025-02,1
672,140,Bank Transfer,Paid,4000,13-02-2025,2025-01,1
671,139,Bank Transfer,Pending,4000,17-07-2024,2024-07,1
670,139,Credit Card,Pending,4000,20-06-2024,2024-06,1
669,139,Cash,Paid,4000,14-05-2024,2024-05,1
668,139,Bank Transfer,Paid,4000,29-04-2024,2024-04,1
667,139,Bank Transfer,Paid,4000,23-03-2024,2024-03,1
666,139,Credit Card,Paid,4000,23-02-2024,2024-02,1
665,137,Credit Card,Pending,5000,08-04-2025,2025-04,1
664,137,Cash,Paid,5000,16-03-2025,2025-03,1
663,137,Credit Card,Pending,5000,22-02-2025,2025-02,1
662,137,Bank Transfer,Paid,5000,09-01-2025,2025-01,1
661,137,Credit Card,Pending,5000,30-12-2024,2024-12,1
660,137,Bank Transfer,Pending,5000,28-11-2024,2024-11,1
659,137,Cash,Pending,5000,09-10-2024,2024-10,1
658,135,Credit Card,Pending,8000,16-04-2024,2024-03,1
657,135,Bank Transfer,Pending,8000,27-02-2024,2024-02,1
656,135,Bank Transfer,Paid,8000,30-01-2024,2024-01,1
655,135,Credit Card,Pending,8000,06-01-2024,2023-12,1
654,135,Cash,Paid,8000,05-12-2023,2023-11,1
653,135,Credit Card,Paid,8000,29-10-2023,2023-10,1
652,135,Bank Transfer,Paid,8000,02-10-2023,2023-09,1
651,135,Credit Card,Paid,8000,14-09-2023,2023-08,1
650,133,Credit Card,Pending,4000,05-06-2024,2024-05,1
649,133,Bank Transfer,Pending,4000,28-04-2024,2024-04,1
648,133,Cash,Pending,4000,22-04-2024,2024-03,1
647,133,Bank Transfer,Pending,4000,24-02-2024,2024-02,1
646,133,Bank Transfer,Paid,4000,21-02-2024,2024-01,1
645,133,Bank Transfer,Paid,4000,06-01-2024,2023-12,1
644,133,Bank Transfer,Paid,4000,09-12-2023,2023-11,1
643,133,Cash,Paid,4000,07-11-2023,2023-10,1
642,133,Bank Transfer,Pending,4000,04-10-2023,2023-09,1
641,133,Bank Transfer,Pending,4000,20-09-2023,2023-08,1
640,132,Cash,Paid,9000,30-10-2025,2025-10,1
639,132,Credit Card,Pending,9000,12-10-2025,2025-09,1
638,131,Credit Card,Paid,5000,24-08-2025,2025-08,1
637,131,Credit Card,Pending,5000,03-07-2025,2025-07,1
636,131,Bank Transfer,Pending,5000,21-06-2025,2025-06,1
635,131,Cash,Pending,5000,01-06-2025,2025-05,1
634,131,Credit Card,Paid,5000,21-04-2025,2025-04,1
633,131,Bank Transfer,Paid,5000,15-03-2025,2025-03,1
632,131,Cash,Paid,5000,05-02-2025,2025-02,1
631,131,Credit Card,Pending,5000,31-01-2025,2025-01,1
630,129,Bank Transfer,Paid,6500,28-04-2026,2026-04,1
629,129,Bank Transfer,Paid,6500,01-04-2026,2026-03,1
628,129,Bank Transfer,Paid,6500,01-03-2026,2026-02,1
627,129,Bank Transfer,Pending,6500,06-01-2026,2026-01,1
626,129,Cash,Paid,6500,31-12-2025,2025-12,1
625,129,Cash,Paid,6500,06-11-2025,2025-11,1
624,129,Credit Card,Pending,6500,05-10-2025,2025-10,1
623,129,Cash,Pending,6500,18-09-2025,2025-09,1
622,129,Cash,Paid,6500,21-08-2025,2025-08,1
621,129,Cash,Pending,6500,04-08-2025,2025-07,1
620,128,Cash,Paid,11000,08-05-2026,2026-05,1
619,128,Credit Card,Pending,11000,28-04-2026,2026-04,1
618,128,Cash,Pending,11000,18-03-2026,2026-03,1
617,128,Credit Card,Paid,11000,12-02-2026,2026-02,1
616,128,Cash,Paid,11000,17-01-2026,2026-01,1
615,128,Bank Transfer,Pending,11000,04-01-2026,2025-12,1
614,128,Credit Card,Paid,11000,09-11-2025,2025-11,1
613,128,Bank Transfer,Pending,11000,25-10-2025,2025-10,1
612,128,Bank Transfer,Pending,11000,21-09-2025,2025-09,1
611,125,Cash,Paid,6500,09-06-2026,2026-06,1
610,125,Cash,Pending,6500,07-05-2026,2026-05,1
609,125,Cash,Paid,6500,15-04-2026,2026-04,1
608,125,Credit Card,Paid,6500,10-03-2026,2026-03,1
607,125,Cash,Paid,6500,03-02-2026,2026-02,1
606,125,Bank Transfer,Paid,6500,27-01-2026,2026-01,1
605,125,Cash,Paid,6500,02-01-2026,2025-12,1
604,125,Cash,Pending,6500,13-11-2025,2025-11,1
603,124,Cash,Pending,6000,26-08-2025,2025-08,1
602,124,Credit Card,Pending,6000,12-07-2025,2025-07,1
601,122,Bank Transfer,Paid,10000,04-02-2024,2024-01,1
600,122,Cash,Pending,10000,30-12-2023,2023-12,1
599,122,Bank Transfer,Pending,10000,26-11-2023,2023-11,1
598,122,Cash,Pending,10000,08-11-2023,2023-10,1
597,122,Credit Card,Paid,10000,11-10-2023,2023-09,1
596,121,Credit Card,Paid,4000,21-04-2025,2025-04,1
595,121,Cash,Paid,4000,10-04-2025,2025-03,1
594,121,Credit Card,Pending,4000,14-02-2025,2025-02,1
593,121,Bank Transfer,Paid,4000,07-02-2025,2025-01,1
592,121,Bank Transfer,Paid,4000,10-01-2025,2024-12,1
591,121,Credit Card,Pending,4000,08-12-2024,2024-11,1
590,121,Bank Transfer,Pending,4000,07-11-2024,2024-10,1
589,121,Bank Transfer,Pending,4000,19-09-2024,2024-09,1
588,121,Credit Card,Pending,4000,20-08-2024,2024-08,1
587,120,Cash,Paid,4500,15-07-2024,2024-07,1
586,120,Credit Card,Pending,4500,04-07-2024,2024-06,1
585,120,Bank Transfer,Paid,4500,06-06-2024,2024-05,1
584,120,Credit Card,Paid,4500,10-05-2024,2024-04,1
583,120,Credit Card,Pending,4500,09-04-2024,2024-03,1
582,120,Cash,Paid,4500,09-03-2024,2024-02,1
581,117,Bank Transfer,Pending,3000,28-12-2025,2025-12,1
580,117,Cash,Paid,3000,11-12-2025,2025-11,1
579,117,Cash,Pending,3000,18-10-2025,2025-10,1
578,117,Credit Card,Paid,3000,06-10-2025,2025-09,1
577,117,Credit Card,Paid,3000,17-08-2025,2025-08,1
576,117,Bank Transfer,Paid,3000,16-07-2025,2025-07,1
575,117,Cash,Paid,3000,19-06-2025,2025-06,1
574,117,Cash,Paid,3000,30-05-2025,2025-05,1
573,117,Credit Card,Paid,3000,29-04-2025,2025-04,1
572,117,Cash,Pending,3000,26-03-2025,2025-03,1
571,117,Cash,Paid,3000,07-03-2025,2025-02,1
570,116,Bank Transfer,Paid,3000,12-07-2023,2023-07,1
569,116,Cash,Paid,3000,28-06-2023,2023-06,1
568,116,Cash,Pending,3000,23-05-2023,2023-05,1
567,116,Credit Card,Paid,3000,20-04-2023,2023-04,1
566,116,Credit Card,Pending,3000,30-03-2023,2023-03,1
565,116,Credit Card,Paid,3000,05-02-2023,2023-02,1
564,116,Cash,Pending,3000,24-01-2023,2023-01,1
563,115,Credit Card,Pending,7000,13-02-2025,2025-01,1
562,115,Cash,Pending,7000,13-01-2025,2024-12,1
561,115,Credit Card,Pending,7000,24-12-2024,2024-11,1
560,113,Bank Transfer,Paid,5000,17-04-2024,2024-04,1
559,113,Cash,Pending,5000,24-03-2024,2024-03,1
558,113,Cash,Paid,5000,03-03-2024,2024-02,1
557,113,Cash,Pending,5000,24-01-2024,2024-01,1
556,113,Bank Transfer,Paid,5000,11-12-2023,2023-12,1
555,113,Cash,Pending,5000,05-12-2023,2023-11,1
554,112,Bank Transfer,Paid,6500,02-04-2023,2023-03,1
553,112,Bank Transfer,Paid,6500,21-02-2023,2023-02,1
552,112,Cash,Paid,6500,16-01-2023,2023-01,1
551,111,Credit Card,Pending,8000,10-02-2025,2025-01,1
550,111,Cash,Paid,8000,14-01-2025,2024-12,1
549,111,Credit Card,Paid,8000,23-11-2024,2024-11,1
548,111,Cash,Pending,8000,16-11-2024,2024-10,1
547,111,Bank Transfer,Paid,8000,28-09-2024,2024-09,1
546,111,Bank Transfer,Paid,8000,23-08-2024,2024-08,1
545,110,Credit Card,Paid,8000,30-10-2024,2024-10,1
544,110,Cash,Paid,8000,15-10-2024,2024-09,1
543,110,Cash,Paid,8000,13-09-2024,2024-08,1
542,110,Bank Transfer,Pending,8000,07-08-2024,2024-08,1
541,110,Credit Card,Paid,8000,28-07-2024,2024-07,1
540,110,Bank Transfer,Paid,8000,02-06-2024,2024-06,1
539,110,Credit Card,Pending,8000,01-06-2024,2024-05,1
538,110,Bank Transfer,Paid,8000,09-04-2024,2024-04,1
537,110,Cash,Paid,8000,28-03-2024,2024-03,1
536,110,Cash,Paid,8000,03-02-2024,2024-02,1
535,109,Cash,Pending,5500,09-12-2025,2025-12,1
534,109,Bank Transfer,Paid,5500,27-11-2025,2025-11,1
533,109,Credit Card,Paid,5500,25-10-2025,2025-10,1
532,109,Credit Card,Pending,5500,11-09-2025,2025-09,1
531,109,Bank Transfer,Pending,5500,31-08-2025,2025-08,1
530,109,Bank Transfer,Pending,5500,10-07-2025,2025-07,1
529,107,Cash,Pending,4000,02-04-2026,2026-03,1
528,107,Bank Transfer,Pending,4000,10-03-2026,2026-02,1
527,107,Cash,Paid,4000,29-01-2026,2026-01,1
526,107,Bank Transfer,Pending,4000,31-12-2025,2025-12,1
525,107,Bank Transfer,Paid,4000,12-12-2025,2025-11,1
524,107,Cash,Pending,4000,29-10-2025,2025-10,1
523,107,Cash,Pending,4000,02-10-2025,2025-09,1
522,106,Credit Card,Pending,10000,29-04-2025,2025-04,1
521,106,Bank Transfer,Paid,10000,23-04-2025,2025-03,1
520,106,Credit Card,Pending,10000,15-03-2025,2025-02,1
519,106,Cash,Pending,10000,12-02-2025,2025-01,1
518,106,Bank Transfer,Paid,10000,20-01-2025,2024-12,1
517,104,Credit Card,Paid,4500,11-07-2023,2023-07,1
516,104,Credit Card,Paid,4500,06-06-2023,2023-06,1
515,104,Cash,Pending,4500,27-05-2023,2023-05,1
514,104,Credit Card,Paid,4500,24-04-2023,2023-04,1
513,101,Bank Transfer,Paid,4000,01-11-2024,2024-10,1
512,101,Cash,Paid,4000,11-10-2024,2024-09,1
511,101,Credit Card,Paid,4000,24-08-2024,2024-08,1
510,101,Cash,Paid,4000,02-08-2024,2024-07,1
509,101,Cash,Pending,4000,06-07-2024,2024-06,1
508,101,Credit Card,Pending,4000,08-06-2024,2024-05,1
507,101,Cash,Paid,4000,29-04-2024,2024-04,1
506,100,Credit Card,Pending,3500,06-12-2023,2023-11,1
505,100,Credit Card,Pending,3500,06-11-2023,2023-10,1
504,100,Cash,Paid,3500,30-09-2023,2023-09,1
503,100,Cash,Pending,3500,05-09-2023,2023-08,1
502,100,Bank Transfer,Paid,3500,11-08-2023,2023-07,1
501,100,Credit Card,Pending,3500,05-07-2023,2023-06,1
500,99,Cash,Paid,4500,25-10-2023,2023-10,1
499,99,Credit Card,Paid,4500,15-10-2023,2023-09,1
498,99,Bank Transfer,Pending,4500,16-09-2023,2023-08,1
497,99,Cash,Pending,4500,01-08-2023,2023-07,1
496,99,Cash,Pending,4500,28-06-2023,2023-06,1
495,99,Bank Transfer,Paid,4500,04-06-2023,2023-05,1
494,98,Bank Transfer,Pending,9000,27-12-2024,2024-11,1
493,98,Bank Transfer,Paid,9000,03-11-2024,2024-10,1
492,98,Bank Transfer,Paid,9000,08-10-2024,2024-09,1
491,98,Bank Transfer,Pending,9000,29-09-2024,2024-08,1
490,98,Credit Card,Paid,9000,05-08-2024,2024-08,1
489,98,Cash,Pending,9000,21-07-2024,2024-07,1
488,98,Cash,Paid,9000,18-06-2024,2024-06,1
487,98,Bank Transfer,Paid,9000,09-05-2024,2024-05,1
486,98,Cash,Pending,9000,19-04-2024,2024-04,1
485,96,Cash,Paid,11000,20-07-2024,2024-06,1
484,96,Cash,Paid,11000,09-06-2024,2024-05,1
483,96,Bank Transfer,Pending,11000,25-05-2024,2024-04,1
482,96,Bank Transfer,Paid,11000,05-04-2024,2024-03,1
481,96,Credit Card,Paid,11000,26-03-2024,2024-02,1
480,96,Bank Transfer,Paid,11000,07-02-2024,2024-01,1
479,96,Cash,Paid,11000,02-01-2024,2023-12,1
478,96,Cash,Pending,11000,15-12-2023,2023-11,1
477,95,Bank Transfer,Paid,5000,20-02-2025,2025-01,1
476,95,Bank Transfer,Paid,5000,10-01-2025,2024-12,1
475,95,Credit Card,Pending,5000,30-11-2024,2024-11,1
474,95,Cash,Paid,5000,30-10-2024,2024-10,1
473,95,Bank Transfer,Paid,5000,04-10-2024,2024-09,1
472,95,Cash,Pending,5000,05-09-2024,2024-08,1
471,95,Cash,Pending,5000,04-08-2024,2024-07,1
470,95,Credit Card,Pending,5000,28-06-2024,2024-06,1
469,95,Credit Card,Pending,5000,06-06-2024,2024-05,1
468,94,Bank Transfer,Paid,8000,25-02-2024,2024-02,1
467,94,Cash,Paid,8000,05-01-2024,2024-01,1
466,93,Credit Card,Paid,5500,11-12-2023,2023-12,1
465,93,Cash,Paid,5500,05-12-2023,2023-11,1
464,93,Cash,Paid,5500,26-10-2023,2023-10,1
463,93,Bank Transfer,Pending,5500,14-09-2023,2023-09,1
462,93,Bank Transfer,Paid,5500,28-08-2023,2023-08,1
461,93,Bank Transfer,Pending,5500,20-07-2023,2023-07,1
460,93,Bank Transfer,Pending,5500,30-06-2023,2023-06,1
459,92,Bank Transfer,Pending,4500,16-08-2023,2023-08,1
458,92,Bank Transfer,Pending,4500,11-08-2023,2023-07,1
457,92,Credit Card,Paid,4500,25-06-2023,2023-06,1
456,92,Bank Transfer,Pending,4500,14-06-2023,2023-05,1
455,92,Bank Transfer,Paid,4500,22-04-2023,2023-04,1
454,92,Credit Card,Pending,4500,31-03-2023,2023-03,1
453,92,Cash,Paid,4500,23-02-2023,2023-02,1
452,92,Bank Transfer,Paid,4500,03-02-2023,2023-01,1
451,91,Bank Transfer,Pending,5500,12-02-2025,2025-01,1
450,91,Credit Card,Paid,5500,12-01-2025,2024-12,1
449,90,Bank Transfer,Paid,9000,11-11-2024,2024-11,1
448,90,Cash,Paid,9000,19-10-2024,2024-10,1
447,90,Cash,Paid,9000,20-09-2024,2024-09,1
446,90,Bank Transfer,Pending,9000,25-08-2024,2024-08,1
445,90,Bank Transfer,Paid,9000,02-08-2024,2024-07,1
444,90,Bank Transfer,Paid,9000,18-06-2024,2024-06,1
443,90,Bank Transfer,Pending,9000,31-05-2024,2024-05,1
442,90,Credit Card,Pending,9000,21-04-2024,2024-04,1
441,90,Credit Card,Paid,9000,18-03-2024,2024-03,1
440,90,Cash,Pending,9000,07-03-2024,2024-02,1
439,90,Credit Card,Pending,9000,19-01-2024,2024-01,1
438,88,Bank Transfer,Pending,9000,29-10-2025,2025-10,1
437,88,Cash,Pending,9000,28-09-2025,2025-09,1
436,88,Bank Transfer,Paid,9000,24-08-2025,2025-08,1
435,88,Credit Card,Pending,9000,01-08-2025,2025-07,1
434,88,Cash,Pending,9000,26-06-2025,2025-06,1
433,88,Cash,Pending,9000,22-05-2025,2025-05,1
432,88,Credit Card,Paid,9000,13-05-2025,2025-04,1
431,88,Credit Card,Paid,9000,21-03-2025,2025-03,1
430,88,Cash,Pending,9000,08-03-2025,2025-02,1
429,88,Bank Transfer,Pending,9000,06-02-2025,2025-01,1
428,87,Bank Transfer,Paid,4500,08-02-2024,2024-02,1
427,87,Cash,Pending,4500,13-01-2024,2024-01,1
426,85,Credit Card,Paid,7000,09-12-2025,2025-11,1
425,85,Credit Card,Pending,7000,13-11-2025,2025-10,1
424,85,Bank Transfer,Pending,7000,17-10-2025,2025-09,1
423,85,Cash,Pending,7000,07-09-2025,2025-08,1
422,85,Bank Transfer,Pending,7000,10-08-2025,2025-07,1
421,85,Cash,Pending,7000,14-07-2025,2025-06,1
420,85,Credit Card,Paid,7000,06-06-2025,2025-05,1
419,85,Credit Card,Pending,7000,14-05-2025,2025-04,1
418,84,Bank Transfer,Paid,7000,25-09-2025,2025-09,1
417,84,Bank Transfer,Paid,7000,25-08-2025,2025-08,1
416,83,Cash,Paid,5000,02-01-2025,2024-12,1
415,83,Cash,Pending,5000,27-11-2024,2024-11,1
414,83,Bank Transfer,Paid,5000,20-10-2024,2024-10,1
413,83,Bank Transfer,Paid,5000,25-09-2024,2024-09,1
412,83,Bank Transfer,Pending,5000,26-08-2024,2024-08,1
411,83,Cash,Pending,5000,03-08-2024,2024-07,1
410,83,Credit Card,Paid,5000,01-07-2024,2024-06,1
409,83,Credit Card,Pending,5000,01-06-2024,2024-05,1
408,83,Credit Card,Paid,5000,21-04-2024,2024-04,1
407,83,Credit Card,Pending,5000,14-04-2024,2024-03,1
406,83,Cash,Pending,5000,13-03-2024,2024-02,1
405,81,Cash,Paid,4500,19-06-2025,2025-06,1
404,81,Credit Card,Pending,4500,28-05-2025,2025-05,1
403,81,Bank Transfer,Pending,4500,30-04-2025,2025-04,1
402,81,Bank Transfer,Pending,4500,15-04-2025,2025-03,1
401,80,Bank Transfer,Paid,8000,21-11-2023,2023-11,1
400,80,Credit Card,Pending,8000,10-11-2023,2023-10,1
399,80,Credit Card,Paid,8000,17-09-2023,2023-09,1
398,80,Cash,Paid,8000,06-09-2023,2023-08,1
397,80,Cash,Paid,8000,04-08-2023,2023-07,1
396,79,Credit Card,Paid,4000,10-07-2024,2024-07,1
395,79,Cash,Paid,4000,03-07-2024,2024-06,1
394,79,Bank Transfer,Paid,4000,03-06-2024,2024-05,1
393,79,Credit Card,Pending,4000,22-04-2024,2024-04,1
392,79,Credit Card,Paid,4000,17-03-2024,2024-03,1
391,79,Credit Card,Pending,4000,05-03-2024,2024-02,1
390,79,Cash,Pending,4000,15-01-2024,2024-01,1
389,77,Credit Card,Pending,5500,11-03-2024,2024-02,1
388,77,Bank Transfer,Pending,5500,08-02-2024,2024-01,1
387,77,Credit Card,Paid,5500,13-01-2024,2023-12,1
386,77,Cash,Paid,5500,27-11-2023,2023-11,1
385,76,Cash,Pending,5000,24-07-2024,2024-06,1
384,76,Cash,Pending,5000,17-06-2024,2024-05,1
383,76,Bank Transfer,Pending,5000,02-05-2024,2024-04,1
382,76,Cash,Pending,5000,03-04-2024,2024-03,1
381,76,Credit Card,Paid,5000,18-03-2024,2024-02,1
380,76,Bank Transfer,Pending,5000,10-02-2024,2024-01,1
379,75,Credit Card,Pending,3000,15-03-2026,2026-03,1
378,75,Credit Card,Pending,3000,13-02-2026,2026-02,1
377,75,Cash,Pending,3000,06-02-2026,2026-01,1
376,75,Cash,Pending,3000,04-01-2026,2025-12,1
375,75,Bank Transfer,Pending,3000,18-11-2025,2025-11,1
374,75,Bank Transfer,Paid,3000,26-10-2025,2025-10,1
373,75,Cash,Paid,3000,16-09-2025,2025-09,1
372,75,Credit Card,Paid,3000,18-08-2025,2025-08,1
371,75,Bank Transfer,Paid,3000,21-07-2025,2025-07,1
370,75,Bank Transfer,Paid,3000,08-07-2025,2025-06,1
369,73,Bank Transfer,Paid,5000,16-01-2026,2026-01,1
368,73,Cash,Pending,5000,05-01-2026,2025-12,1
367,73,Credit Card,Pending,5000,09-11-2025,2025-11,1
366,73,Credit Card,Paid,5000,09-10-2025,2025-10,1
365,73,Cash,Pending,5000,08-10-2025,2025-09,1
364,73,Credit Card,Paid,5000,05-09-2025,2025-08,1
363,73,Bank Transfer,Pending,5000,28-07-2025,2025-07,1
362,73,Cash,Paid,5000,07-07-2025,2025-06,1
361,73,Credit Card,Pending,5000,16-05-2025,2025-05,1
360,72,Credit Card,Paid,5000,19-05-2026,2026-05,1
359,72,Bank Transfer,Paid,5000,16-04-2026,2026-04,1
358,72,Cash,Pending,5000,24-03-2026,2026-03,1
357,72,Bank Transfer,Pending,5000,31-01-2026,2026-01,1
356,72,Bank Transfer,Pending,5000,08-01-2026,2026-01,1
355,72,Cash,Pending,5000,04-12-2025,2025-12,1
354,72,Bank Transfer,Pending,5000,22-11-2025,2025-11,1
353,72,Cash,Pending,5000,06-10-2025,2025-10,1
352,72,Credit Card,Paid,5000,13-09-2025,2025-09,1
351,72,Credit Card,Pending,5000,25-08-2025,2025-08,1
350,72,Cash,Pending,5000,02-08-2025,2025-07,1
349,71,Bank Transfer,Pending,7500,26-09-2024,2024-09,1
348,71,Cash,Paid,7500,03-09-2024,2024-08,1
347,71,Bank Transfer,Paid,7500,06-08-2024,2024-07,1
346,71,Credit Card,Paid,7500,19-07-2024,2024-06,1
345,71,Bank Transfer,Paid,7500,25-06-2024,2024-05,1
344,71,Cash,Pending,7500,29-04-2024,2024-04,1
343,71,Cash,Paid,7500,03-04-2024,2024-03,1
342,71,Cash,Pending,7500,27-03-2024,2024-02,1
341,71,Bank Transfer,Pending,7500,02-02-2024,2024-01,1
340,71,Credit Card,Pending,7500,03-01-2024,2023-12,1
339,71,Credit Card,Pending,7500,02-12-2023,2023-11,1
338,71,Cash,Paid,7500,21-11-2023,2023-10,1
337,71,Bank Transfer,Paid,7500,30-10-2023,2023-10,1
336,70,Bank Transfer,Paid,8000,14-02-2025,2025-02,1
335,70,Bank Transfer,Pending,8000,31-01-2025,2025-01,1
334,70,Credit Card,Paid,8000,31-12-2024,2024-12,1
333,70,Cash,Pending,8000,17-11-2024,2024-11,1
332,70,Bank Transfer,Pending,8000,03-11-2024,2024-10,1
331,70,Credit Card,Paid,8000,21-09-2024,2024-09,1
330,70,Cash,Pending,8000,12-08-2024,2024-08,1
329,66,Credit Card,Pending,3500,25-10-2025,2025-09,1
328,66,Credit Card,Pending,3500,01-09-2025,2025-08,1
327,66,Cash,Pending,3500,15-08-2025,2025-07,1
326,66,Cash,Paid,3500,12-07-2025,2025-07,1
325,66,Bank Transfer,Paid,3500,26-06-2025,2025-06,1
324,66,Credit Card,Pending,3500,08-05-2025,2025-05,1
323,66,Cash,Pending,3500,03-04-2025,2025-04,1
322,66,Cash,Paid,3500,17-03-2025,2025-03,1
321,66,Bank Transfer,Paid,3500,13-02-2025,2025-02,1
320,65,Bank Transfer,Paid,4000,06-04-2024,2024-03,1
319,65,Credit Card,Pending,4000,22-02-2024,2024-02,1
318,65,Credit Card,Pending,4000,20-01-2024,2024-01,1
317,65,Bank Transfer,Paid,4000,16-12-2023,2023-12,1
316,65,Bank Transfer,Pending,4000,08-12-2023,2023-11,1
315,65,Cash,Paid,4000,28-10-2023,2023-10,1
314,65,Bank Transfer,Paid,4000,07-10-2023,2023-09,1
313,65,Cash,Pending,4000,02-09-2023,2023-08,1
312,65,Cash,Paid,4000,04-08-2023,2023-07,1
311,65,Bank Transfer,Pending,4000,07-07-2023,2023-06,1
310,65,Credit Card,Paid,4000,11-06-2023,2023-05,1
309,63,Cash,Pending,11000,20-12-2025,2025-12,1
308,63,Cash,Paid,11000,08-11-2025,2025-11,1
307,63,Cash,Paid,11000,12-10-2025,2025-10,1
306,63,Credit Card,Paid,11000,05-09-2025,2025-09,1
305,63,Bank Transfer,Pending,11000,31-08-2025,2025-08,1
304,63,Cash,Paid,11000,12-07-2025,2025-07,1
303,63,Bank Transfer,Paid,11000,25-06-2025,2025-06,1
302,63,Credit Card,Paid,11000,09-05-2025,2025-05,1
301,63,Bank Transfer,Paid,11000,22-04-2025,2025-04,1
300,62,Cash,Pending,10000,10-02-2024,2024-01,1
299,62,Cash,Pending,10000,20-12-2023,2023-12,1
298,62,Cash,Paid,10000,30-11-2023,2023-11,1
297,61,Bank Transfer,Pending,7000,12-03-2026,2026-03,1
296,61,Cash,Paid,7000,05-02-2026,2026-02,1
295,61,Bank Transfer,Pending,7000,25-01-2026,2026-01,1
294,61,Bank Transfer,Paid,7000,19-12-2025,2025-12,1
293,61,Bank Transfer,Paid,7000,15-11-2025,2025-11,1
292,61,Bank Transfer,Paid,7000,21-10-2025,2025-10,1
291,61,Cash,Pending,7000,26-09-2025,2025-09,1
290,61,Credit Card,Pending,7000,26-08-2025,2025-08,1
289,60,Cash,Paid,3500,07-03-2026,2026-02,1
288,60,Cash,Pending,3500,30-01-2026,2026-01,1
287,60,Bank Transfer,Paid,3500,04-01-2026,2025-12,1
286,60,Bank Transfer,Paid,3500,06-12-2025,2025-11,1
285,60,Cash,Paid,3500,16-11-2025,2025-10,1
284,60,Cash,Paid,3500,27-09-2025,2025-09,1
283,60,Bank Transfer,Pending,3500,17-09-2025,2025-08,1
282,60,Cash,Pending,3500,04-08-2025,2025-07,1
281,60,Credit Card,Paid,3500,01-07-2025,2025-06,1
280,60,Credit Card,Paid,3500,10-06-2025,2025-05,1
279,60,Cash,Pending,3500,07-05-2025,2025-04,1
278,60,Bank Transfer,Pending,3500,25-03-2025,2025-03,1
277,58,Bank Transfer,Paid,4500,28-12-2023,2023-12,1
276,58,Credit Card,Pending,4500,29-11-2023,2023-11,1
275,57,Cash,Paid,3500,03-11-2025,2025-10,1
274,57,Credit Card,Paid,3500,23-09-2025,2025-09,1
273,57,Bank Transfer,Pending,3500,03-09-2025,2025-08,1
272,57,Bank Transfer,Paid,3500,07-08-2025,2025-07,1
271,57,Credit Card,Pending,3500,27-06-2025,2025-06,1
270,56,Bank Transfer,Paid,3500,26-02-2024,2024-02,1
269,56,Cash,Pending,3500,16-01-2024,2024-01,1
268,56,Bank Transfer,Paid,3500,22-12-2023,2023-12,1
267,56,Cash,Paid,3500,29-11-2023,2023-11,1
266,56,Cash,Paid,3500,12-11-2023,2023-10,1
265,56,Cash,Paid,3500,30-09-2023,2023-09,1
264,55,Bank Transfer,Pending,5000,24-03-2023,2023-03,1
263,55,Cash,Pending,5000,03-03-2023,2023-02,1
262,55,Bank Transfer,Paid,5000,26-01-2023,2023-01,1
261,54,Bank Transfer,Paid,4500,15-01-2025,2025-01,1
260,54,Cash,Pending,4500,20-12-2024,2024-12,1
259,54,Credit Card,Pending,4500,10-11-2024,2024-11,1
258,54,Cash,Pending,4500,12-10-2024,2024-10,1
257,54,Bank Transfer,Pending,4500,25-09-2024,2024-09,1
256,54,Cash,Pending,4500,29-08-2024,2024-08,1
255,54,Bank Transfer,Paid,4500,19-07-2024,2024-07,1
254,54,Credit Card,Pending,4500,20-06-2024,2024-06,1
253,54,Credit Card,Pending,4500,25-05-2024,2024-05,1
252,54,Bank Transfer,Pending,4500,29-04-2024,2024-04,1
251,52,Cash,Pending,11000,28-12-2025,2025-12,1
250,52,Bank Transfer,Paid,11000,15-11-2025,2025-11,1
249,52,Bank Transfer,Pending,11000,24-10-2025,2025-10,1
248,52,Cash,Paid,11000,01-10-2025,2025-09,1
247,52,Credit Card,Pending,11000,16-08-2025,2025-08,1
246,52,Credit Card,Paid,11000,15-07-2025,2025-07,1
245,52,Cash,Pending,11000,22-06-2025,2025-06,1
244,51,Credit Card,Paid,8000,26-07-2023,2023-07,1
243,51,Bank Transfer,Paid,8000,27-06-2023,2023-06,1
242,51,Credit Card,Paid,8000,12-06-2023,2023-05,1
241,51,Credit Card,Pending,8000,27-04-2023,2023-04,1
240,51,Bank Transfer,Paid,8000,07-04-2023,2023-03,1
239,51,Cash,Pending,8000,04-03-2023,2023-02,1
238,50,Credit Card,Paid,7500,27-11-2025,2025-11,1
237,50,Cash,Paid,7500,01-11-2025,2025-10,1
236,50,Credit Card,Paid,7500,13-10-2025,2025-09,1
235,49,Credit Card,Paid,7000,14-03-2024,2024-02,1
234,49,Credit Card,Pending,7000,16-02-2024,2024-01,1
233,49,Cash,Pending,7000,11-01-2024,2023-12,1
232,49,Bank Transfer,Paid,7000,23-12-2023,2023-11,1
231,49,Credit Card,Pending,7000,19-11-2023,2023-10,1
230,49,Bank Transfer,Paid,7000,08-10-2023,2023-09,1
229,49,Credit Card,Paid,7000,29-08-2023,2023-08,1
228,49,Credit Card,Paid,7000,08-08-2023,2023-07,1
227,48,Bank Transfer,Paid,3000,20-08-2024,2024-07,1
226,48,Bank Transfer,Pending,3000,15-07-2024,2024-06,1
225,48,Credit Card,Pending,3000,12-06-2024,2024-05,1
224,48,Credit Card,Pending,3000,18-05-2024,2024-04,1
223,48,Cash,Pending,3000,27-03-2024,2024-03,1
222,48,Credit Card,Paid,3000,07-03-2024,2024-02,1
221,48,Bank Transfer,Paid,3000,28-01-2024,2024-01,1
220,48,Credit Card,Pending,3000,23-01-2024,2023-12,1
219,48,Bank Transfer,Pending,3000,10-12-2023,2023-11,1
218,48,Cash,Pending,3000,19-11-2023,2023-10,1
217,48,Credit Card,Paid,3000,05-10-2023,2023-09,1
216,48,Cash,Paid,3000,30-08-2023,2023-08,1
215,46,Bank Transfer,Paid,5500,21-01-2024,2024-01,1
214,46,Cash,Paid,5500,13-12-2023,2023-12,1
213,46,Cash,Pending,5500,19-11-2023,2023-11,1
212,46,Credit Card,Pending,5500,10-10-2023,2023-10,1
211,46,Bank Transfer,Paid,5500,04-09-2023,2023-09,1
210,46,Cash,Paid,5500,24-08-2023,2023-08,1
209,46,Credit Card,Pending,5500,17-07-2023,2023-07,1
208,44,Credit Card,Paid,6500,09-05-2025,2025-04,1
207,44,Cash,Pending,6500,07-04-2025,2025-03,1
206,44,Credit Card,Paid,6500,25-03-2025,2025-02,1
205,44,Cash,Paid,6500,17-02-2025,2025-01,1
204,44,Credit Card,Pending,6500,14-01-2025,2024-12,1
203,44,Credit Card,Pending,6500,05-12-2024,2024-11,1
202,44,Cash,Paid,6500,12-11-2024,2024-10,1
201,44,Bank Transfer,Pending,6500,01-10-2024,2024-09,1
200,44,Credit Card,Pending,6500,19-09-2024,2024-08,1
199,44,Credit Card,Paid,6500,03-08-2024,2024-07,1
198,40,Credit Card,Paid,4500,23-03-2026,2026-02,1
197,40,Bank Transfer,Paid,4500,30-01-2026,2026-01,1
196,40,Bank Transfer,Pending,4500,11-01-2026,2025-12,1
195,40,Credit Card,Paid,4500,02-12-2025,2025-11,1
194,40,Credit Card,Paid,4500,14-11-2025,2025-10,1
193,36,Credit Card,Pending,11000,20-07-2024,2024-07,1
192,36,Cash,Pending,11000,11-06-2024,2024-06,1
191,36,Cash,Paid,11000,28-05-2024,2024-05,1
190,36,Bank Transfer,Paid,11000,15-04-2024,2024-04,1
189,36,Credit Card,Pending,11000,04-03-2024,2024-03,1
188,36,Bank Transfer,Pending,11000,18-02-2024,2024-02,1
187,36,Cash,Pending,11000,22-01-2024,2024-01,1
186,36,Cash,Pending,11000,22-12-2023,2023-12,1
185,36,Cash,Paid,11000,03-12-2023,2023-11,1
184,36,Bank Transfer,Paid,11000,01-11-2023,2023-10,1
183,36,Credit Card,Pending,11000,21-09-2023,2023-09,1
182,36,Bank Transfer,Paid,11000,27-08-2023,2023-08,1
181,35,Bank Transfer,Pending,7000,06-02-2026,2026-01,1
180,35,Credit Card,Paid,7000,25-12-2025,2025-12,1
179,35,Bank Transfer,Paid,7000,24-11-2025,2025-11,1
178,34,Bank Transfer,Pending,8000,25-10-2024,2024-09,1
177,34,Bank Transfer,Paid,8000,19-09-2024,2024-08,1
176,34,Bank Transfer,Pending,8000,16-08-2024,2024-08,1
175,34,Credit Card,Pending,8000,07-07-2024,2024-07,1
174,34,Credit Card,Pending,8000,23-06-2024,2024-06,1
173,34,Bank Transfer,Paid,8000,30-05-2024,2024-05,1
172,33,Credit Card,Paid,5500,07-04-2023,2023-03,1
171,33,Bank Transfer,Pending,5500,21-02-2023,2023-02,1
170,32,Bank Transfer,Pending,10000,21-03-2025,2025-03,1
169,32,Cash,Pending,10000,03-02-2025,2025-01,1
168,32,Credit Card,Pending,10000,23-01-2025,2025-01,1
167,32,Cash,Pending,10000,26-12-2024,2024-12,1
166,32,Credit Card,Paid,10000,26-11-2024,2024-11,1
165,32,Bank Transfer,Paid,10000,24-10-2024,2024-10,1
164,32,Cash,Pending,10000,10-09-2024,2024-09,1
163,32,Cash,Pending,10000,24-08-2024,2024-08,1
162,30,Bank Transfer,Paid,6500,17-05-2025,2025-05,1
161,30,Bank Transfer,Pending,6500,21-04-2025,2025-04,1
160,29,Credit Card,Pending,7000,11-11-2025,2025-11,1
159,29,Cash,Pending,7000,13-10-2025,2025-10,1
158,29,Bank Transfer,Paid,7000,25-09-2025,2025-09,1
157,29,Credit Card,Paid,7000,17-08-2025,2025-08,1
156,29,Bank Transfer,Pending,7000,06-08-2025,2025-07,1
155,29,Bank Transfer,Pending,7000,22-06-2025,2025-06,1
154,29,Bank Transfer,Paid,7000,03-06-2025,2025-05,1
153,29,Cash,Paid,7000,14-04-2025,2025-04,1
152,29,Cash,Paid,7000,31-03-2025,2025-03,1
151,29,Credit Card,Pending,7000,26-02-2025,2025-02,1
150,29,Bank Transfer,Pending,7000,05-02-2025,2025-01,1
149,29,Cash,Pending,7000,17-12-2024,2024-12,1
148,28,Bank Transfer,Paid,9000,10-11-2023,2023-11,1
147,28,Credit Card,Paid,9000,31-10-2023,2023-10,1
146,28,Bank Transfer,Pending,9000,14-09-2023,2023-09,1
145,28,Bank Transfer,Paid,9000,13-08-2023,2023-08,1
144,28,Bank Transfer,Paid,9000,11-07-2023,2023-07,1
143,28,Credit Card,Paid,9000,11-06-2023,2023-06,1
142,28,Credit Card,Pending,9000,03-06-2023,2023-05,1
141,26,Bank Transfer,Paid,9000,07-06-2024,2024-06,1
140,26,Bank Transfer,Paid,9000,05-05-2024,2024-05,1
139,26,Cash,Paid,9000,07-04-2024,2024-04,1
138,26,Bank Transfer,Paid,9000,10-03-2024,2024-03,1
137,26,Credit Card,Pending,9000,17-02-2024,2024-02,1
136,26,Bank Transfer,Paid,9000,01-02-2024,2024-01,1
135,26,Bank Transfer,Pending,9000,30-12-2023,2023-12,1
134,26,Credit Card,Pending,9000,19-11-2023,2023-11,1
133,26,Cash,Pending,9000,20-10-2023,2023-10,1
132,26,Bank Transfer,Paid,9000,26-09-2023,2023-09,1
131,26,Bank Transfer,Pending,9000,28-08-2023,2023-08,1
130,26,Credit Card,Pending,9000,08-07-2023,2023-07,1
129,25,Credit Card,Paid,8000,28-10-2023,2023-10,1
128,25,Credit Card,Paid,8000,14-10-2023,2023-09,1
127,25,Credit Card,Pending,8000,19-09-2023,2023-08,1
126,25,Credit Card,Pending,8000,01-08-2023,2023-07,1
125,25,Credit Card,Paid,8000,16-07-2023,2023-06,1
124,25,Bank Transfer,Pending,8000,17-06-2023,2023-05,1
123,25,Bank Transfer,Pending,8000,26-05-2023,2023-04,1
122,25,Bank Transfer,Pending,8000,26-04-2023,2023-03,1
121,25,Credit Card,Paid,8000,18-03-2023,2023-03,1
120,25,Bank Transfer,Paid,8000,09-02-2023,2023-01,1
119,24,Bank Transfer,Pending,6500,22-03-2025,2025-03,1
118,24,Credit Card,Paid,6500,05-03-2025,2025-02,1
117,24,Bank Transfer,Paid,6500,13-01-2025,2025-01,1
116,24,Cash,Paid,6500,10-12-2024,2024-12,1
115,22,Cash,Pending,4500,23-04-2025,2025-03,1
114,22,Cash,Paid,4500,28-02-2025,2025-02,1
113,22,Bank Transfer,Paid,4500,17-02-2025,2025-01,1
112,22,Cash,Pending,4500,19-01-2025,2024-12,1
111,22,Credit Card,Pending,4500,15-12-2024,2024-11,1
110,22,Cash,Pending,4500,20-11-2024,2024-10,1
109,22,Credit Card,Pending,4500,04-10-2024,2024-09,1
108,22,Credit Card,Paid,4500,15-09-2024,2024-08,1
107,22,Cash,Paid,4500,09-08-2024,2024-07,1
106,22,Cash,Paid,4500,03-07-2024,2024-06,1
105,22,Cash,Pending,4500,02-06-2024,2024-05,1
104,22,Cash,Paid,4500,27-05-2024,2024-04,1
103,21,Credit Card,Pending,5000,02-05-2025,2025-04,1
102,21,Bank Transfer,Paid,5000,09-04-2025,2025-03,1
101,21,Credit Card,Pending,5000,16-02-2025,2025-02,1
100,21,Bank Transfer,Paid,5000,24-01-2025,2025-01,1
99,21,Bank Transfer,Pending,5000,01-01-2025,2024-12,1
98,21,Cash,Pending,5000,26-11-2024,2024-11,1
97,21,Bank Transfer,Paid,5000,23-10-2024,2024-10,1
96,21,Bank Transfer,Paid,5000,07-10-2024,2024-09,1
95,21,Credit Card,Pending,5000,20-08-2024,2024-08,1
94,21,Bank Transfer,Paid,5000,21-07-2024,2024-07,1
93,19,Bank Transfer,Paid,7500,14-01-2025,2024-12,1
92,19,Cash,Paid,7500,04-12-2024,2024-11,1
91,19,Cash,Paid,7500,10-11-2024,2024-10,1
90,19,Bank Transfer,Paid,7500,05-10-2024,2024-09,1
89,19,Credit Card,Pending,7500,17-09-2024,2024-08,1
88,19,Cash,Pending,7500,25-07-2024,2024-07,1
87,19,Cash,Pending,7500,20-07-2024,2024-06,1
86,19,Cash,Pending,7500,03-06-2024,2024-05,1
85,18,Credit Card,Pending,4000,28-10-2023,2023-10,1
84,18,Bank Transfer,Paid,4000,26-09-2023,2023-09,1
83,18,Credit Card,Paid,4000,31-08-2023,2023-08,1
82,18,Cash,Paid,4000,15-07-2023,2023-07,1
81,18,Bank Transfer,Pending,4000,29-06-2023,2023-06,1
80,16,Bank Transfer,Pending,4500,14-02-2024,2024-01,1
79,16,Cash,Paid,4500,30-12-2023,2023-12,1
78,16,Credit Card,Paid,4500,16-12-2023,2023-11,1
77,14,Cash,Paid,3500,27-07-2024,2024-06,1
76,14,Credit Card,Paid,3500,15-06-2024,2024-05,1
75,14,Credit Card,Pending,3500,08-05-2024,2024-04,1
74,14,Credit Card,Paid,3500,31-03-2024,2024-03,1
73,14,Cash,Pending,3500,04-03-2024,2024-02,1
72,13,Bank Transfer,Pending,11000,10-09-2024,2024-08,1
71,13,Bank Transfer,Paid,11000,06-08-2024,2024-08,1
70,13,Credit Card,Pending,11000,18-07-2024,2024-07,1
69,13,Credit Card,Paid,11000,04-06-2024,2024-06,1
68,13,Cash,Pending,11000,20-05-2024,2024-05,1
67,13,Bank Transfer,Pending,11000,07-04-2024,2024-04,1
66,13,Credit Card,Paid,11000,29-03-2024,2024-03,1
65,13,Credit Card,Paid,11000,10-02-2024,2024-02,1
64,13,Bank Transfer,Paid,11000,12-01-2024,2024-01,1
63,13,Bank Transfer,Paid,11000,03-01-2024,2023-12,1
62,12,Cash,Paid,5500,11-07-2024,2024-06,1
61,12,Cash,Paid,5500,05-06-2024,2024-05,1
60,12,Bank Transfer,Paid,5500,07-05-2024,2024-04,1
59,12,Credit Card,Pending,5500,06-04-2024,2024-03,1
58,12,Credit Card,Paid,5500,26-02-2024,2024-02,1
57,12,Cash,Paid,5500,18-02-2024,2024-01,1
56,12,Bank Transfer,Pending,5500,06-01-2024,2023-12,1
55,9,Bank Transfer,Pending,3000,17-06-2025,2025-06,1
54,9,Credit Card,Paid,3000,27-05-2025,2025-05,1
53,9,Credit Card,Pending,3000,06-05-2025,2025-04,1
52,9,Bank Transfer,Pending,3000,29-03-2025,2025-03,1
51,9,Credit Card,Pending,3000,20-02-2025,2025-02,1
50,8,Bank Transfer,Paid,5500,06-12-2025,2025-11,1
49,8,Bank Transfer,Paid,5500,28-10-2025,2025-10,1
48,8,Cash,Pending,5500,05-10-2025,2025-09,1
47,8,Credit Card,Pending,5500,23-08-2025,2025-08,1
46,8,Credit Card,Pending,5500,26-07-2025,2025-07,1
45,8,Bank Transfer,Pending,5500,23-06-2025,2025-06,1
44,8,Credit Card,Paid,5500,25-05-2025,2025-05,1
43,8,Cash,Paid,5500,29-04-2025,2025-04,1
42,8,Bank Transfer,Paid,5500,30-03-2025,2025-03,1
41,8,Cash,Paid,5500,06-03-2025,2025-02,1
40,7,Cash,Pending,9000,07-07-2024,2024-06,1
39,7,Bank Transfer,Paid,9000,25-05-2024,2024-05,1
38,7,Cash,Pending,9000,07-05-2024,2024-04,1
37,7,Cash,Paid,9000,05-04-2024,2024-03,1
36,7,Bank Transfer,Pending,9000,14-02-2024,2024-02,1
35,6,Bank Transfer,Paid,5000,31-10-2025,2025-10,1
34,6,Bank Transfer,Paid,5000,19-09-2025,2025-09,1
33,6,Credit Card,Paid,5000,22-08-2025,2025-08,1
32,6,Cash,Pending,5000,27-07-2025,2025-07,1
31,6,Bank Transfer,Paid,5000,28-06-2025,2025-06,1
30,6,Credit Card,Paid,5000,15-06-2025,2025-05,1
29,6,Bank Transfer,Pending,5000,12-05-2025,2025-04,1
28,5,Credit Card,Paid,7000,18-12-2025,2025-12,1
27,5,Bank Transfer,Pending,7000,14-11-2025,2025-11,1
26,5,Bank Transfer,Paid,7000,05-11-2025,2025-10,1
25,5,Cash,Pending,7000,11-10-2025,2025-09,1
24,5,Credit Card,Paid,7000,08-09-2025,2025-08,1
23,5,Bank Transfer,Pending,7000,22-07-2025,2025-07,1
22,5,Bank Transfer,Paid,7000,07-07-2025,2025-06,1
21,5,Credit Card,Pending,7000,26-05-2025,2025-05,1
20,5,Credit Card,Paid,7000,13-05-2025,2025-04,1
19,5,Cash,Pending,7000,17-04-2025,2025-03,1
18,3,Credit Card,Paid,4000,11-04-2024,2024-03,1
17,3,Bank Transfer,Paid,4000,08-03-2024,2024-02,1
16,2,Credit Card,Paid,3000,28-02-2025,2025-02,1
15,2,Bank Transfer,Pending,3000,19-01-2025,2025-01,1
14,2,Bank Transfer,Pending,3000,02-01-2025,2024-12,1
13,2,Cash,Paid,3000,26-11-2024,2024-11,1
12,2,Cash,Paid,3000,14-11-2024,2024-10,1
11,2,Cash,Pending,3000,01-10-2024,2024-09,1
10,2,Bank Transfer,Paid,3000,15-09-2024,2024-08,1
9,2,Cash,Pending,3000,24-07-2024,2024-07,1
8,2,Cash,Paid,3000,26-06-2024,2024-06,1
7,1,Cash,Pending,5500,19-05-2024,2024-04,1
6,1,Cash,Pending,5500,21-04-2024,2024-03,1
5,1,Bank Transfer,Pending,5500,26-02-2024,2024-02,1
4,1,Cash,Paid,5500,08-02-2024,2024-01,1
3,1,Credit Card,Pending,5500,02-01-2024,2023-12,1
2,1,Bank Transfer,Paid,5500,13-12-2023,2023-11,1
1,1,Bank Transfer,Paid,5500,03-11-2023,2023-10,1
